{
    "metadata_variables": [],
    "variables": [
        {
            "always_observed": true,
            "group_name": "x0",
            "lower": 0,
            "name": "x0_0",
            "query": true,
            "target": false,
            "type": "binary",
            "upper": 1
        },
        {
            "always_observed": true,
            "group_name": "x1",
            "lower": -2.533329963684082,
            "name": "x1_0",
            "query": true,
            "target": false,
            "type": "continuous",
            "upper": 2.8449172973632812
        },
        {
            "always_observed": true,
            "group_name": "x2",
            "lower": 0,
            "name": "x2_0",
            "query": true,
            "target": false,
            "type": "categorical",
            "upper": 5
        },
        {
            "always_observed": true,
            "group_name": "x3",
            "lower": -2.3651492595672607,
            "name": "x3_0",
            "query": true,
            "target": false,
            "type": "continuous",
            "upper": 2.6718246936798096
        }
    ]
}